topology,family,parameter,degree,components,n4,redundancy_log1p,q_star,mixing_gap
original,original,,1,49,0,0.0,0.9795918367346939,0.0
random,random,,7,1,339,5.8289456176102075,0.3248646397334444,0.575815295671315
m0,modular,0,7,1,336,5.820082930352362,0.330695543523532,0.5766375549950221
m1,modular,1,7,1,323,5.780743515792329,0.33694294044148276,0.5778794941728139
m2,modular,2,7,1,354,5.872117789475416,0.3240316534777177,0.5658552583476834
m3,modular,3,7,1,333,5.8111409929767,0.33402748854643904,0.5948635289867438
m4,modular,4,7,1,407,6.0112671744041615,0.42857142857142866,0.5191244498844172
m5,modular,5,7,1,696,6.546785410760524,0.5714285714285715,0.424017614363404
m6,modular,6,7,1,1491,7.307872780763706,0.7142857142857142,0.19518396018694784
s1,shared-target,1,7,1,0,0.0,0.24323198667221996,0.857142857142857
s2,shared-target,2,7,1,147,4.997212273764115,0.2840483132028322,0.714285714285714
s3,shared-target,3,7,1,441,6.091309882077698,0.3881715951686798,0.5714285714285715
s4,shared-target,4,7,1,882,6.78332520060396,0.4897959183673469,0.42857142857142827
s5,shared-target,5,7,1,1470,7.293697720601438,0.6122448979591837,0.28571428571428537
s6,shared-target,6,7,1,2205,7.698936199813447,0.7346938775510204,0.1428571428571429
ms7,endpoint,7,7,7,3087,8.035278911144667,0.8571428571428571,0.0
